customer_id,first_name,last_name,email,phone_number,gender,dob,signup_date,address,city,state,country,device_id(s),source,device_count
0fbd23bc-43a6-4eb8-acbb-f04348147f0f,Laura,W6Eber,laura.weber212@gmail.com,+1-955-055-6521,F,1964-01-08,2013-12-02,19787 Mendoza Ferry,New Taylor,Oklahoma,Turks and Caicos Islands,deb0724b-29aa-451c-bc2e-f7b6abec7304,app,1
fa10cab0-526b-44b4-bf82-f1142fc3e817,Joseph,Parker,joseph.parker542@yahoo.com,081.694.5588,M,1958-11-19,2013-12-02,116 English Rue Apt. 855,Sarahton,Nevada,Martinique,e60db787-ea6b-4c2a-816f-b10587e8cccd,app,1
da38070d-324d-419f-a8b1-cd6c9619049f,Stephanie,Smith,stephanie.smith945@yahoo.com,708.294.3245,M,1979-05-08,2013-12-02,331 Ronald Cliffs,Codyside,Washington,Iran,f3bfc9f7-6fa0-44b5-ad52-6b9168fe3890,referral,1
566d8987-4794-447a-8842-f6272553ebc0,Rob4Ert,Smith,robert.smith734@hotmail.com,(699)998-0012x165,F,2006-09-12,2013-12-02,7179 Mcgee Divide Suite 663,Port Daniel,Tennessee,United States of America,2d2b5675-3bf8-4e6d-babe-4db6e3c4e498,app,1
f6dc825d-8d19-42a2-bd1d-a606033d4e7f,Robert@,Davis,robert.davis112@hotmail.com,876.885.9124x365,F,1964-08-20,2013-12-02,952 Schultz Lake,Port Joel,Indiana,Guadeloupe,438f3f9b-6dd9-48a5-a392-e37d6218cc19,web,1
f7bb96f6-d4e3-4c70-bb57-78f15a8a3d2e,Brandon,Reyes,brandon.reyes502@yahoo.com,928.782.6165x0759,M,1982-01-31,2013-12-02,894 Steven Canyon,North Madison,Arizona,Bouvet Island (Bouvetoya),efb3e833-e120-4aeb-80ec-c2451eb93e87,app,1
608302f1-32e7-4b7b-bbc8-1aa168ca7cb8,Kelly,Lawson,kelly.lawson863@hotmail.com,(350)395-0774x2394,M,2002-12-27,2013-12-02,4587 David Square,North Nicole,California,Jersey,e34c06cc-6119-4866-9a3c-4f23f8a35999,referral,1
1c76f057-02b4-44d4-a948-e4d9b31fec78,Edwin,Shepherd,edwin.shepherd077@yahoo.com,(381)453-3054,F,2007-03-12,2013-12-02,14135 Krause Trail Suite 567,Port Cindy,Alaska,Russian Federation,dd053675-daa0-4022-b234-c9553af0eaee,referral,1
d35c09b5-40fe-4464-b3de-6c18cd43d560,Christopher,Brown,christopher.brown402@gmail.com,736.514.6854,F,1966-06-23,2013-12-02,1607 Graham Crescent Suite 363,Michaelshire,California,Ukraine,fa67fd29-9196-4c2d-8f0f-afe9e24c3002,app,1
ac41aed9-ddc2-49cd-805c-bb1b0e9c6a76,Natasha,Richardson,edward.villanueva555@yahoo.com,0504342340,M,1966-06-22,2013-12-02,81688 PAUL CIRCLES SUITE 298,Chenside,Missouri,Gibraltar,71c6f524-b2f4-4d8a-8e08-a271ac382039,referral,1
2ab36230-7983-45fa-b957-6856a2b67730,Breanna,Pineda,,(012)037-4338x5089,F,1985-11-03,2013-12-02,022 Kennedy Neck Suite 493,Michaelhaven,New York,Qatar,8e56e063-2d7e-4dd8-bc87-678753d79dbc,app,1
17bbf879-b380-498c-88fd-edf542b387d2,Deanna,Jensen,deanna.jensen405@hotmail.com,(087)941-5902x553,M,1993-06-23,2013-12-02,9550 Snyder Springs Suite 206,Jacobmouth,Alabama,Kiribati,e04bed7e-ae7b-4277-96ed-e9bd59b861c3,web,1
b5dfb98a-a2c9-4fce-bb78-96ac23a15f04,Thomas,Travis*,thomas.travis085@hotmail.com,397.586.8405x322,F,2003-10-30,2013-12-02,32989 Crystal Greens,Andrewport,Maine,Puerto Rico,cbbaa90a-9ec7-4f9c-af4f-06bb428788ad,referral,1
400e8912-77f9-4efc-bae7-241719b6a5b6,Eddie,Yang,eddie.yang070@gmail.com,(617)727-7535x80163,O,2005-10-20,2013-12-03,91140 Wood Ports,Santanaview,Delaware,Ecuador,561a4a10-9e86-4027-9a19-8ccea5506ee3,web,1
ffc7ee53-312f-435b-983e-396ac5b0638d,Nathan,Mayer,nathan.mayer182@hotmail.com,(376)789-1199x961,F,1959-09-16,2013-12-03,981 Rodney Forges,Lake Catherinestad,South Dakota,Holy See (Vatican City State),980d94d5-f99f-4abd-9b88-6455b9397eaa,web,1
c3d94cc1-5f38-451d-a754-4ebd7a62ff87,Bradley,Bond,bradley.bond642@hotmail.com,(286)231-8057,F,1973-04-22,2013-12-03,372 Brian Flats Apt. 424,East Justin,Nevada,Libyan Arab Jamahiriya,d9b1684d-f0f3-4e21-8b04-a90fd9a1c4f8,referral,1
13c36ff2-225a-4c1c-9f3e-9ce41d70b9ad,Roy,Hudson,roy.hudson063@gmail.com,001-582-382-6157x46687,F,1958-01-25,2013-12-03,585 Shaffer Harbor,New Davidmouth,Nebraska,Guinea,c05dc029-395b-4d89-91bf-b74034a59b34,web,1
de1561ec-8999-42c4-a4b7-7562e020e787,Timothy,Howell,timothy.howell282@hotmail.com,298-043-4757x701,F,1957-09-03,2013-12-03,60676 Bryan Haven Apt. 505,North Richardchester,Nebraska,Chad,4a994d4f-4f63-4bc2-8979-c8910671e474,web,1
9cd3bdac-e3d4-4c49-a287-c3e30e2bee43,Jasmine,Smith,jasmine.smith094@yahoo.com,252-732-0193,F,1974-03-01,2013-12-03,168 Pierce Knoll Apt. 427,Caseyfurt,Delaware,Greenland,6e1aacf4-8370-4d70-a438-98dcd02e6570,web,1
50571f56-8ed7-4a0e-8902-7084b6798949,Victoria,Chang,victoria.chang716@yahoo.com,001-427-699-1378,F,1992-05-16,2013-12-03,2575 David Streets,Wrightbury,Ohio,Guyana,5924b21a-5c1c-49f0-821d-6478484835ab,app,1
d05c5d30-7e56-4336-ad5b-b0ca9de4e51d,Joshua,Morales,joshua.morales885@gmail.com,(282)928-2742,F,1997-07-25,2013-12-03,67361 Mendoza Station,Benderhaven,Alabama,Swaziland,7710d34f-091b-4d0c-8c58-737caa37d729,web,1
0dadf414-baa9-45be-a352-31604dc0ac15,Li2Sa,Dillon,ryan.young177@yahoo.com,765-159-1463x19256,F,1983-03-27,2013-12-03,3329 Miller Meadows Apt. 753,Richardsonchester,Missouri,Iraq,4be710a8-69ba-422a-8ce4-30fcc39fc2b4;e850fdad-4445-45f7-b670-4f9d2dd2c743;5ea76bf7-b5e6-4df8-8c26-624caddbb88b;506e2686-0c8c-4842-a586-ce1d2b509c24;8ae59ce4-1d49-4448-8934-a9eef850ea4f,app,5
820e2e5c-e02d-4fbb-b269-12f88b2ea354,Juli7E,Andrade,julie.andrade459@yahoo.com,+1-510-369-9330,F,2007-11-30,2013-12-03,0692 Courtney Ford Apt. 655,Madelinehaven,Nebraska,Uruguay,b3b700a1-19b0-46ff-a948-36cfb909f2f7,web,1
62dbb4ce-a316-498f-a189-5fe6983c6120,Justin,Wong,justin.wong958@yahoo.com,(929)198-3620,M,1977-12-12,2013-12-03,4643 Katherine Isle Apt. 038,East Zachary,Colorado,Colombia,28645549-b13f-4f62-ad4f-61948372a703,referral,1
9e687610-99dc-4cbd-a7ff-83311d94b47d,Jennifer,Kaiser,jennifer.kaiser489@hotmail.com,6805243705,O,1990-04-30,2013-12-03,0338 Archer Bypass Suite 038,Rodrigueztown,Wisconsin,Yemen,323f347e-a738-4c6a-84a6-c2211acc8b07,referral,1
346055b5-32e1-4ad3-aed1-554a48f4f862,Michael,Lee,michael.lee401@hotmail.com,474-324-5162x349,M,1967-09-28,2013-12-03,6995 Bates Square,North Travisland,Virginia,Gabon,2bf3767f-05f9-409f-9bcb-69eb325a022d,app,1
1cfcce8c-7756-490d-977a-e50e4c61a846,Nicole,Morgan,nicole.morgan187@yahoo.com,+1-975-854-5520,F,1970-06-07,2013-12-03,40722 Noah Oval Apt. 227,Port Nicholasborough,Iowa,Guyana,902e1e3a-a91b-4b57-adda-258ee3309cf3,referral,1
d50f7bf9-999d-4363-b40f-2c44bff3f788,Jennifer,Miller,jennifer.miller514@yahoo.com,5340006428,M,1997-12-02,2013-12-04,11737 Jeffrey Pines Suite 962,North Adamchester,Delaware,Faroe Islands,b70b8695-3016-4713-898a-81c02f933e09,referral,1
90856254-e452-48af-99e7-cf73803d662e,Joanna,Rivera,joanna.rivera946@hotmail.com,836-679-9635x401,O,2001-03-24,2013-12-04,496 David Isle,New Emma,Pennsylvania,Bahamas,2bb4df5c-d87a-4cf7-a3a6-e1929a321b02,web,1
06a5ef02-aeab-476a-9b6f-177e8eaf8860,Joshua,Martinez,joshua.martinez555@gmail.com,415.465.8100,O,2003-09-26,2013-12-04,0698 Samantha Greens Apt. 532,Jonesbury,Texas,British Indian Ocean Territory (Chagos Archipelago),51f11c20-a688-405d-9366-302703e469cd,web,1
126257ae-9cc5-4930-9f4b-bb688c0ea57f,T8Revor,Maddox,trevor.maddox894@hotmail.com,+1-870-576-9080x649,F,1983-02-12,2013-12-04,5464 Tara Knolls,East Douglas,Nevada,Saint Barthelemy,024ce7fb-0406-403b-a5a4-a1f665405743,referral,1
489e43b1-75d3-4e8d-b88f-95b486d06612,Bethany,Stevens,bethany.stevens806@yahoo.com,001-547-136-0580,M,1985-04-20,2013-12-04,9241 Katelyn Ports,Smithmouth,Maine,San Marino,74af7970-a091-447f-a9c9-da7ed178eddd,web,1
3cd5f5d0-28f7-424c-8768-7c81708b7491,Troy,Greene,,001-651-490-5441x48145,F,1988-07-14,2013-12-04,80570 Medina Square,Port Ryanmouth,Missouri,Kuwait,4fbc12db-292e-48db-8a2e-73a4bb0e7d86,app,1
7dbbed72-f2de-4b50-acc5-23730d7ffbb2,Tyrone,Robinson,tyrone.robinson063@yahoo.com,+1-068-147-0304,F,1971-06-27,2013-12-04,03788 Perez Isle Suite 464,Orozcotown,Alabama,Grenada,9daf0526-05d0-48b4-ae2d-d1a71aa340ba,referral,1
962f6c45-88c5-46dc-bf02-12d98e0a46e9,Justin,Guerra,justin.guerra894@yahoo.com,974.077.7684x42987,F,1971-04-16,2013-12-04,211 Fisher Skyway,Mckinneymouth,South Dakota,Mozambique,c2858e0a-22c4-4bbd-9b0d-1430cb7d2c85,referral,1
091e82be-1610-42dc-9cfe-18fb5c3cfa5d,Christopher,Brooks,christopher.brooks531@gmail.com,+1-270-354-0920x85145,F,1969-04-22,2013-12-05,2258 Jesse Square Apt. 307,Evansport,Maryland,Western Sahara,e6b39c12-c380-4742-8bb4-e17b5277ccc7,app,1
8c728950-10ea-481c-bc09-14685e135fab,Monica,Miler,erica.perez994@gmail.com,+1-143-007-6223x43228,M,1956-03-18,2013-12-05,237 Cassidy Vista Apt. 899,Sheltonbury,North Carolina,Malaysia,0273c1b6-e37d-4f39-9b39-861da79d4b91,web,1
23efa56e-4f75-4e14-9ea8-53b193215dd0,Rachel,Gonzalez,rachel.gonzalez886@gmail.com,001-738-022-2705x56972,M,1982-06-05,2013-12-05,3110 Duncan Underpass,Shortstad,Nebraska,Yemen,7f95c560-837c-4c07-badc-0e0be1c44276,referral,1
1ab02300-4d43-41d1-9e78-60eab7e8711c,Sabrina,Gonzalez,sabrina.gonzalez340@yahoo.com,637.105.7870x669,M,1969-02-08,2013-12-05,203 Henry Rest Suite 236,Lake Linda,Vermont,Bouvet Island (Bouvetoya),60894d11-b1dc-4027-b3a3-60d5421c0350,referral,1
af976879-cbcb-4a99-bb5e-f44e5a7bfb52,Gary,Smith,gary.smith445@hotmail.com,958.650.4317,F,1970-01-05,2013-12-05,673 Contreras Rapid,Lake Karlbury,Alabama,Denmark,768e53a2-ee2b-4abc-991a-46ed7b3d8f58,web,1
faf0eef8-1b5c-477b-b9d7-38fed2217fc5,Caitlin,Wright,caitlin.wright497@hotmail.com,781.743.5262,M,2004-03-03,2013-12-05,242 Tara Junction Suite 030,South Kimberlymouth,Minnesota,Uruguay,c482a453-996e-4654-b946-976b88da66db,app,1
8d073d64-5b1d-4f1c-8cb0-6e7918e14f28,Zachary,Solis,zachary.solis459@yahoo.com,536.091.2222x85798,F,1991-05-06,2013-12-05,21492 David Stream Apt. 649,New Diana,Kansas,Niue,33e17dd7-1cca-43f7-be82-dc185315d55d,app,1
351caf57-c4e6-4681-a963-a1ed44c7b901,Linda,Stout@,linda.stout700@yahoo.com,(875)384-6769x887,M,1990-02-07,2013-12-05,73431 Denise Inlet,Loriport,Idaho,Barbados,f16cc179-9751-4479-a86b-b2ae514dfad2,web,1
856aa6cd-f869-4c86-a556-31e31c492378,Miranda,Maldonado,miranda.maldonado521@hotmail.com,001-749-562-2399x996,M,1960-02-08,2013-12-05,06019 Noah Garden Apt. 317,Beckburgh,New Mexico,Vietnam,9de72bbb-4471-4d31-8e53-8dca6a9884db,app,1
38e48d5a-ce27-48c3-9d2a-5b335d9aaf0e,Jesse,Acosta,jesse.acosta400@yahoo.com,(777)417-7801x418,F,1999-04-14,2013-12-05,949 Samantha Place Suite 463,Josemouth,Washington,Thailand,ea93a79c-3a4f-4b7c-9213-67a6b53d88b6,web,1
f8e5dd9a-bbdc-4775-91ce-8adc05d51caa,Alan,Stevens,alan.stevens632@yahoo.com,504-223-2595x6446,F,1969-09-12,2013-12-06,176 Martha Extension Suite 171,South Davidview,Montana,United States of America,3cf8df00-69dc-4364-bdd9-8cd382d4b47f,app,1
2567222b-d1a7-4c13-b063-1920c5facf26,Anthony,Ingram,anthony.ingram726@yahoo.com,(917)735-3799,M,1971-04-28,2013-12-06,743 Wilson Flats Apt. 199,South Gregoryberg,Alaska,Guatemala,89e8d080-c352-47df-b5cb-e9556724041b,app,1
7b7e981b-0577-4d68-9f55-aba8e6159464,Kimberly,Calderon,kimberly.calderon415@gmail.com,+1-835-560-0881x8898,F,1995-05-03,2013-12-06,853 Michael Station Suite 606,Rileymouth,Georgia,Chad,8361a08a-6b30-43cb-996e-229f598a3091,referral,1
11fe5a9a-06c6-48ce-a453-5bf2051ddc43,William,Freeman,william.freeman679@gmail.com,170.849.1233,M,1963-06-29,2013-12-06,192 Jason Prairie Suite 184,Eddieburgh,Hawaii,Russian Federation,9f48c32e-5ac1-4c68-aae2-7d4dd8ba5194,web,1
f4a47ad4-292f-43a8-a6b9-f1215b5e6a2c,Ernest,Li,jennifer.jackson529@gmail.com,247.641.2179x79918,M,1983-09-13,2013-12-06,232 Jacob Ports Suite 127,Sanchezland,South Carolina,Sri Lanka,c1046776-8732-43b6-b324-fdea08e90f27,web,1
c8e4c4c7-76e9-45b5-a73a-47db772e2ec2,Jonathan,G7Raves,jonathan.graves332@hotmail.com,724.826.8056x149,M,1984-11-29,2013-12-06,22118 Sheena Estate,Carterside,North Carolina,Ghana,93cf2f70-6051-4ec4-b82b-4738f3d172c5,referral,1
5fdfb366-1636-4b02-a800-a4c32a3454e3,Michael,Vargas,michael.vargas778@gmail.com,046-981-9302x7890,F,1992-07-07,2013-12-06,3077 Gray Junction Suite 330,Hillland,Iowa,Guernsey,4414fca5-aa9f-427e-bf71-352583263552,web,1
27e5e9e4-6e10-4a22-bb98-b580c96bc611,Rebecca,Walker,rebecca.walker432@gmail.com,+1-466-786-6466,F,1983-06-30,2013-12-06,90008 William Drive Suite 356,Port Michael,Texas,Tanzania,96754ab3-8e4a-45ee-be0a-7f36d8323e5a,web,1
5059895b-2f5b-4c69-8b47-ac4c47007a9e,Kayla,Mye3Rs,kayla.myers550@hotmail.com,001-992-099-6921x2393,M,1970-01-03,2013-12-06,88604 Billy Streets,Port Shawn,Iowa,Bahrain,d67b5d83-ab7f-4bba-a1e3-23626aa08a02,web,1
3099916f-72fd-4c3d-8fbd-b2a7b9906256,Michele,Miller,michele.miller744@hotmail.com,001-442-149-9897,M,1979-09-19,2013-12-07,393 Cassandra Inlet Suite 194,Daltonland,Colorado,Brazil,f36135d7-7d39-4a41-9616-d170470a28d5,app,1
1f895fe7-4e3f-4c8a-9487-39153db2d4da,Zachary,Dodson,zachary.dodson049@hotmail.com,960.050.0333x80466,M,1972-12-13,2013-12-07,253 Kelly Greens,East Luis,New Hampshire,Tuvalu,21bee44a-2c60-4f52-ac18-5badbd863c64,app,1
c5c97236-5c00-4f54-a82e-7f891157c002,Gina,Avila,gina.avila658@hotmail.com,013.282.0506x933,F,1981-12-25,2013-12-07,01624 Adam Square Suite 483,North Stephenberg,Pennsylvania,Guadeloupe,e9e6ef7a-397e-40ac-b253-00a0f5c1c34c,referral,1
cd76bd8c-169b-4b84-9986-ed4096dc9908,Ashley,Johnson,ashley.johnson358@hotmail.com,796-378-2987x799,M,1966-09-25,2013-12-07,749 Erin Greens Suite 627,Danielfort,Wyoming,Swaziland,987c9bac-7864-4d78-b8d7-c922dacd1d34,web,1
1d27d36b-cd8c-48de-b007-41206fe41d0a,James!,Sheppard,james.sheppard045@yahoo.com,894.885.6165,F,1960-03-15,2013-12-07,5506 Tiffany Path Apt. 518,South Brittany,Arizona,Kiribati,96130156-6c8d-4df2-91ed-a46f969aa8ee,web,1
1e6bfa3a-1c27-40c2-88ea-24efbda5bc15,Penny,Mullins,penny.mullins616@yahoo.com,529.187.2373,F,1959-02-15,2013-12-07,085 Amanda Bypass,Owensland,Michigan,Panama,9ce1d7fa-5aa2-40f3-b268-0bdf3766a802,web,1
0c841ef1-ddfe-488c-b4be-a98e97130292,Wendy*,Williams,bethany.ritter781@hotmail.com,001-929-201-7321,F,1971-07-29,2013-12-07,25133 Hoffman Ranch,Elizabethbury,Pennsylvania,Netherlands Antilles,89fed512-0bfb-4009-bb27-b38e7e54f6a1,referral,1
6c9df220-7103-4c2c-842d-0be9fc37173e,Adam,Mckinney,adam.mckinney471@gmail.com,(686)834-1919,M,1987-10-16,2013-12-07,73075 Thompson Mountain,Patriciaside,Massachusetts,Israel,2f64b058-0f47-4f98-946c-3154f31fb85c,referral,1
80502589-ab99-4228-bf20-0e4fec8200a0,Robert,Morgan,robert.morgan928@hotmail.com,587.896.0697,M,1974-09-09,2013-12-07,018 Jesse Plaza,East James,North Dakota,Lesotho,718fcac6-a526-434b-bf4e-dd500e973bcb,referral,1
310b0f4f-d023-455c-8792-7fee04821f3f,Joan,Dominguez,shared1441@yahoo.com,895-357-2855x3205,M,1995-09-05,2013-12-07,94818 Sean Loaf Suite 200,Pittsland,Arizona,Barbados,6a2e20c2-5e7a-496b-a65c-09685030bf96,app,1
d5f050bc-d7e4-403a-a82f-bedc1cbed114,Steven!,Wiggins,steven.wiggins985@yahoo.com,001-056-828-5703,F,2000-08-10,2013-12-08,13840 Steven Isle,Frankbury,Ohio,Kenya,09c4c71b-7067-46c3-abee-de4659bffafe,web,1
1f5d9bdb-7b15-4fe2-864f-383d0cc94df7,Scott,Best,scott.best333@gmail.com,791-284-9144x6022,F,2004-01-07,2013-12-08,945 Lopez Stravenue Suite 294,Kimberlyfurt,Hawaii,Nigeria,a152d4e6-f430-4b2e-96d7-7c80ce78b276,web,1
809f8ed4-985c-4060-9c4b-b78ee58c1a82,Amber,Weaver,amber.weaver289@gmail.com,776-836-4941,M,1999-08-21,2013-12-08,566 Megan Trail,Ashleyborough,Kentucky,Tajikistan,dbcd4f6f-d6b1-409f-a689-37e686539250,web,1
14791878-27ae-4701-a4b5-fa9757bd9688,Monica,Pierce,monica.pierce061@gmail.com,+1-913-971-7656x782,F,1960-07-10,2013-12-08,572 Thomas Alley,Lake Crystalmouth,Arkansas,Andorra,110c4b49-d5d6-495d-9fa8-bdb2e6a42702,web,1
be3fcf92-980f-4730-ac06-5061ea08dd67,Regina,Rowe,regina.rowe002@hotmail.com,001-781-835-8262x9160,M,1998-05-23,2013-12-08,9008 Caitlin Highway,South Benjamin,Mississippi,Lesotho,6fea5b91-f1c0-4816-a498-0569fdcf6784,referral,1
fe39f126-d365-4ba6-9091-61aad2bca742,Albert,Clark,albert.clark775@hotmail.com,(477)608-2309x4742,M,1988-09-06,2013-12-08,15668 Laura Square,Robersonside,Maryland,Samoa,605540aa-9abb-41cb-8775-7df0cf726f19,app,1
73304e9b-a4bd-418a-962c-da5e569edbe0,Jessica,Miller,jessica.miller310@gmail.com,3518833067,M,1981-08-18,2013-12-08,7082 Norman Knoll Apt. 051,Nathanland,Maine,Costa Rica,72edddd6-4d74-4f31-bd07-6b9b0baec348,web,1
fd0288cd-9b21-454c-a92a-090d8f389d71,Melissa,Wagner,melissa.wagner606@yahoo.com,084.703.1057x314,M,1976-05-28,2013-12-08,26725 Anderson Lake,Edwardsstad,Arkansas,Indonesia,3e2dc805-bff7-49e5-8127-0fd1dd969e5c,web,1
8de508d0-b5bf-4ad6-9783-338ca5a9a6b6,Ann,Evans,ann.evans063@hotmail.com,(564)166-8905,M,1960-07-16,2013-12-08,0980 Philip Shoals,Lake Angelica,Maine,Tokelau,ee73715f-e41a-4bd0-ab2a-9084fa4902b0,app,1
555376a1-4614-4725-b84e-c31da0c54ec2,Austin,Berg,austin.berg954@hotmail.com,(746)495-7547,F,1958-05-19,2013-12-08,058 Welch Circle,Lake Melissa,Utah,French Guiana,2a8d843c-4ca3-4faf-87e4-f60c971bad40,app,1
7f04eadf-a8e5-4736-97de-1df409fb6ef9,David,Nguyen,david.nguyen727@gmail.com,782-503-7964x98119,O,1977-10-30,2013-12-08,32174 Samantha Field,Laurenport,Delaware,Croatia,3d44440a-41dc-4d57-9507-92e41e352635,app,1
8841b078-4137-4eb7-9f30-b6d529537380,Kathleen,Cannon,jill.lopez248@yahoo.com,(379)944-6672x54897,M,1988-04-26,2013-12-08,107 Christopher Knolls,North Melissastad,Pennsylvania,San Marino,03fc7b95-64a7-47b7-9480-9c126008fc34,app,1
ea34cbca-0fc6-4a44-818b-8903ac84cc29,Whitney,Haley,whitney.haley361@hotmail.com,221.761.8659x411,F,1980-06-08,2013-12-08,089 Kylie Station,East Dianamouth,Hawaii,Panama,63cea652-608e-46d3-8110-4a65c1ddf072,app,1
425749d4-0403-4ee6-98d8-ce5e574f34a7,Michael,Wright,michael.wright701@hotmail.com,570-121-8651x308,F,1969-11-01,2013-12-08,566 Christina Knolls,Andrewberg,Nebraska,Vietnam,7e35ddae-5ca8-4def-af0f-587958569211,referral,1
840ef90f-33f1-4f71-9a8f-b71cf493c432,Alan,Lopez,alan.lopez256@gmail.com,001-247-937-6388,M,1970-02-17,2013-12-09,211 Nelson Ports,North Kelseytown,Vermont,Costa Rica,00d26027-cd96-4b72-9645-495c56a9d73f,referral,1
56b0da0c-3771-4369-8c50-172fcc1e76c4,Cody,Smith,cody.smith400@hotmail.com,0588036631,F,1988-04-24,2013-12-09,183 Turner Hollow Apt. 135,West Dustinborough,South Carolina,Bahrain,08d4e37f-8711-49a7-b7b9-cf9e7e527d08,referral,1
5cf1a00d-477a-4c54-bb1a-8b5148d7425d,Thomas,Gilmore,thomas.gilmore049@gmail.com,604-541-9339x683,F,1987-06-07,2013-12-09,778 Blake Plaza,Deleontown,Hawaii,Comoros,9a574007-9e3d-4fab-a145-29e9d997ca60,web,1
20c47fc1-74f0-4b59-9f8a-61d155cc8095,Matthew,Hanson,matthew.hanson416@hotmail.com,512.031.2513x03846,M,1975-05-10,2013-12-09,8250 Jessica Lock,Reidborough,Maryland,Pakistan,2cedcd5f-ee1d-411e-ba75-21acab284810,app,1
fabcb5c2-a9ab-4292-b728-eaafa746db4c,Olivia,Hill,olivia.hill401@gmail.com,(982)135-4481x8382,M,1967-07-07,2013-12-09,661 Traci Loaf,Port Caitlin,Oregon,Aruba,764155f4-52c2-4d6d-95c8-b0fbbc93fbe1,web,1
cf0f5812-83f4-4ab2-bd16-b727d1f92c8d,Stephanie,Cohen,stephanie.cohen636@gmail.com,(081)193-9087,M,1995-05-02,2013-12-09,8072 Jennifer Fort,New Lauriebury,Pennsylvania,Gibraltar,270c49fd-6c89-4caf-85ca-3b9efab09af7,app,1
56c2f9b7-ad51-4778-8ebf-3028ebaa3373,Jacob,Jacobs,jacob.jacobs617@yahoo.com,549-644-9479x14897,M,1968-04-08,2013-12-09,566 Brewer Court,Garnerburgh,Georgia,Dominica,87ffc5ff-86f5-4615-8ecd-dc02dbaf660e,referral,1
11333429-cb4f-4e61-ac08-5f0b27fed5aa,Michael,Robinson,michael.robinson133@gmail.com,5983754209,M,1987-02-22,2013-12-10,284 Wesley Fort,Jacquelineside,Nevada,Nigeria,f778d64c-3cf4-4211-95aa-2857e63be661,app,1
2410258c-22dc-49de-b5d1-0c38d285e586,Elizabeth,Doyle,elizabeth.doyle417@gmail.com,259-541-1105x3580,F,1994-11-11,2013-12-10,308 Garcia Shoal Apt. 969,New Carlashire,Missouri,United Kingdom,c9f4a2fb-1a29-4137-a164-10a2f58e2e11,web,1
0934fc48-9666-4681-86eb-b8612ee44836,Jill,Simpson,jill.simpson182@hotmail.com,+1-511-581-5286x298,M,1957-06-02,2013-12-10,080 Brian Pass Apt. 235,North Ashley,New Jersey,Egypt,27259c0a-654f-43a4-b4e1-97862c90762e,app,1
4afe3b46-7c93-4ec5-8491-632c0042b834,Emily,Smith,emily.smith812@hotmail.com,944.764.3291x141,M,1978-08-15,2013-12-10,7885 Cheryl Mission,Tylerstad,Louisiana,Morocco,7852243a-c7cb-44db-9c7d-f52aed6f50e0,app,1
b736ea02-41df-49f1-95d7-bbf5337d5a8a,Gabriela,Miller!,joshua.moon454@hotmail.com,4972410065,O,1983-04-10,2013-12-10,0348 BRITTANY BURG,Lake Jennifer,South Carolina,Guyana,074a8f07-c01d-494f-969d-470e5aac32b4,app,1
1e3b2f4c-c8d0-4d46-8ba3-bd7f753339c6,Nicole,Wilson,nicole.wilson507@hotmail.com,(475)973-6441,M,1984-03-24,2013-12-10,8272 White Fall,Edgarton,Virginia,Korea,db2b6b77-ae4f-4500-bb18-9ed1db41d702,web,1
47abea69-022b-4a71-ba87-a1f6bc342c04,Jeffrey,Jackson,matthew.montgomery138@hotmail.com,(436)747-9329x32517,F,1959-09-03,2013-12-10,24404 Stewart Knoll Suite 563,Margaretstad,Oregon,Isle of Man,6f7323a7-2590-4de5-91ee-284a413bc3eb,web,1
714ea27f-c7c4-496a-a61a-6f40a472d2d8,Alejandro,Mosley,denise.walter661@hotmail.com,0215022783,F,1967-11-23,2013-12-10,2589 Kevin Stravenue,Port Davidstad,Florida,Equatorial Guinea,5726fe76-882c-447a-842c-6ad451b41bbd;8583b161-5f9e-4c78-b18e-68063de510bf;5ac96f50-397d-4d2c-8897-f30ca01ca8b9;fcfed130-3668-4789-9432-491cbd8de485;07ec8fd1-5e76-4027-9d08-55e78899f7d1,app,5
7df832ba-242b-45aa-9895-b1f5136d0aee,Vincent,Marks,vincent.marks665@hotmail.com,+1-817-677-7841x9933,F,1961-06-10,2013-12-10,113 Kristin Corners,East Anthony,Iowa,Sierra Leone,8969d335-91d1-46ce-802b-af5023de852a,app,1
15d67950-c383-4e84-8676-2cc68347f5e2,Andrea,Wilson,andrea.wilson885@hotmail.com,+1-067-112-3838x1695,O,1982-12-23,2013-12-10,413 Warren Wells Apt. 899,Port Matthew,Idaho,Germany,5b0b8cb6-ec23-414e-9c25-847fa365bd26,referral,1
39ffd376-5b46-46b7-8d35-d15927eb358c,Benjamin,Gilmore,benjamin.gilmore984@yahoo.com,947.938.6611,M,1964-08-12,2013-12-10,2506 Michael Walks Suite 899,Lake Daniel,Rhode Island,Korea,7080672b-1256-46e5-8079-ad5e4c8488a8,web,1
7dbd3f36-5b9e-430a-9b41-1a32fbe004e6,Mary,Lawson,mary.lawson473@hotmail.com,591.577.6076x63591,M,1974-10-08,2013-12-10,1879 Justin Ways,East Catherine,Rhode Island,Armenia,fc9b89ec-8543-41a6-a593-99fb7e102171,web,1
b724072a-1557-4474-ba23-8a89ab473bfe,Willie,Ramirez,willie.ramirez505@gmail.com,377-784-5749,M,1966-02-07,2013-12-10,521 Melinda Spurs Suite 515,Lake Amy,Texas,Belgium,f5e98cd6-ece1-4e6a-b333-afd1c26a9219,web,1
4f5dd144-705f-4899-8c5a-bfd9ab510fd7,Mary!,Morton*,mary.morton859@gmail.com,174.859.7070x280,M,1977-02-17,2013-12-10,4895 Nicole Square,Lake Jamesmouth,Iowa,San Marino,8a3fabc2-5ff2-40b4-8a54-1296599e532e,referral,1
fd2d505c-dcbd-4777-a7b2-a80d1e4e7da0,Jenny,Williams,jenny.williams694@yahoo.com,2542793403,M,1957-06-03,2013-12-10,80981 Barry Rapids,South Robert,Connecticut,Solomon Islands,fc587078-be57-4283-8850-3aa96a6ec833,referral,1
aff2699f-c26a-4d6e-987b-1af5946ea138,John,Beck,john.beck227@hotmail.com,568.215.0180,M,1956-07-23,2013-12-10,836 Lindsey Causeway,Hopkinsport,Texas,Papua New Guinea,38324b78-3087-4f69-a923-b5300c7f6730,app,1
e563a7c1-83d2-461a-be47-5c358fb3c590,Stanley,Monroe,stanley.monroe789@yahoo.com,272.882.4266x4544,M,1965-12-04,2013-12-10,61116 Russell Lodge Apt. 643,Rodriguezchester,South Dakota,Northern Mariana Islands,23cdf3a4-d98b-46d0-9692-b8db462a19c7,referral,1
c44ecc5d-aa28-4734-bcd6-43b1bdb76848,Alan,Smith,alan.smith132@gmail.com,+1-067-255-3306,M,1963-01-18,2013-12-10,05053 Regina Inlet,Marshtown,Delaware,Lesotho,17d9d7d2-96e9-4d05-8aaa-34de75fb7d0a,web,1
bbdeda2d-49dc-48fd-8dc5-cc589c323a07,Thomas,Jordan,shared1196@yahoo.com,848-778-0111x79473,F,1955-10-06,2013-12-10,3135 Alexis Cove,Raymondstad,West Virginia,Myanmar,d54870cd-a5bd-42ae-9ef9-38a2be283a83,app,1
3aac6859-177d-43a5-8abc-1c347021a38d,Katherine,Diaz,katherine.diaz347@hotmail.com,277.536.0144,F,2007-03-31,2013-12-10,918 Mitchell Islands,Sarahmouth,New Hampshire,Kiribati,abe772b1-26c1-4df4-b719-58bb92823163,web,1
d616c25c-2848-498d-b9ca-0dc3896bb70b,Andres,Lopez,andres.lopez311@yahoo.com,448.631.0038,M,2000-01-17,2013-12-11,083 Katherine Plain,Benjaminhaven,Nevada,Palestinian Territory,8ddb9ab0-b399-46ce-89e2-01c46c15eb0c,app,1
104de378-b645-4124-9358-91645a40436f,Elizabeth*,Price,sandra.kaiser063@gmail.com,389-966-2543,M,1974-11-13,2013-12-11,9881 Pamela Islands Suite 857,Port Ronald,Michigan,Anguilla,77c96f74-0acb-45e3-9846-da9605402ab9,app,1
a8e32b81-4680-426a-aec2-14f09a9245af,Leah,Ramos,leah.ramos129@yahoo.com,(588)391-5677x0282,M,1975-01-23,2013-12-11,0454 Jenkins Common,Sarahmouth,Delaware,Sao Tome and Principe,034d7759-638b-4b4b-95ba-695f417fd340,referral,1
c2bf3188-271f-4169-8d6d-cd4c4fb225f9,Jonathon,Brooks,jonathon.brooks850@gmail.com,(479)657-9634x43267,M,2004-01-21,2013-12-11,8279 Morrow Forges,Andreaton,Wisconsin,Tanzania,87d54349-2014-4a92-b973-f8e81f559769,app,1
515ea6e2-929b-4984-9bcf-a14ac3168ba9,Robert,James,shannon.browning240@gmail.com,(415)622-5767,M,1985-10-29,2013-12-11,865 JOHNSON ISLAND SUITE 443,New Sean,Arkansas,Tuvalu,61cc31aa-c976-40bb-a540-53947240b509,app,1
9f000149-bc91-4168-b690-057be234080b,Laura,Ayers,laura.ayers592@hotmail.com,257.020.1632x40588,F,1990-11-14,2013-12-11,052 Thomas Dale,Ashleybury,Idaho,Qatar,d613ae98-7111-418d-ac0c-c271b1fcec33,web,1
e6dacfce-4fe0-4471-ae33-3e5351d94e99,Lindsey,Cannon,lindsey.cannon673@yahoo.com,544.211.2378,F,1980-09-12,2013-12-11,992 Ross Lakes Suite 365,South Carla,Connecticut,Swaziland,2a23dbf0-ad52-4efa-b973-4e1d750e8d00,web,1
086817b4-4522-4dbe-ab07-6dc29a4a0194,Marcus,Schw4Artz,marcus.schwartz758@gmail.com,(812)518-4241x08053,F,1972-07-11,2013-12-11,6868 Hill Underpass,Bettychester,Maryland,Korea,9d0f0619-3f9c-4c68-aef2-33c62bd7f3dd,referral,1
4271d4bd-280e-49ee-85f4-4838388726de,Timothy,Peterson,timothy.peterson980@hotmail.com,980-498-0912,F,2002-05-02,2013-12-11,3934 Carr Stream,Johnburgh,Texas,Slovakia (Slovak Republic),5be57f66-4baa-4e9b-a07a-35c40c907055,web,1
99f02728-48f8-4651-817e-38c5f1539e8e,Victor,Torres,marcus.diaz581@gmail.com,224.351.1141x4585,F,1965-04-10,2013-12-11,764 Wells Station,Jamesbury,Georgia,Norfolk Island,3df23b0c-b098-49bd-9cbc-daa37ec190db;ae3be99a-59f3-45d4-b9ab-64202da18a63;abb127de-9dd6-4f14-ac01-fe794bdd43ce;ef4ff29e-6852-4558-b627-098a4c739314,web,4
ee608153-d642-48e1-a8aa-9c081d325411,Evan*,Edwards!,evan.edwards552@yahoo.com,001-435-698-9092x061,F,2003-05-27,2013-12-12,951 Santos Loop,Smithmouth,Delaware,Brunei Darussalam,09896f77-00ce-490f-b17e-cf6e0d634949,web,1
330ecfe9-88bb-4f30-a8f0-211b55446ca9,Peggy,Taylor,peggy.taylor593@gmail.com,(341)704-7301x718,M,1977-08-02,2013-12-12,79877 Ewing Points Suite 320,Lake Adam,Utah,Iceland,7f80068e-3e05-4fcd-99cc-27e8fff3216a,web,1
4b3d3f37-5146-4c4b-8c20-3faad39e807f,Sandra,Watson,sandra.watson938@hotmail.com,591-286-1483,F,2004-01-01,2013-12-12,96580 Jean Crossroad Apt. 998,Williamsside,Louisiana,Singapore,0ca6001c-b38c-4051-a581-d35b60a120fe,app,1
b84bf2b1-2166-44c7-814d-f6e3164b64aa,Melissa,Hudson,nancy.woodward907@hotmail.com,909.483.2481x6822,F,1975-09-28,2013-12-12,8082 Alvarez Shoals,New Adammouth,Louisiana,Palau,9f50e8b4-8826-491b-adf2-e7b481c32d16,referral,1
4a088497-8618-4498-a7ec-274c9c08ca9f,Wendy,Weber,anthony.green496@hotmail.com,(012)657-3251x4534,F,1964-02-15,2013-12-12,031 Rodriguez Shoals,Barnesside,Arkansas,Denmark,ebdd6e99-ec4a-4f13-b5b1-3116fbb452bd;9eec133d-277d-4287-a307-3ba1c527f264;c934af7a-6cf4-4bd2-8049-2d165752be58;e6163076-2dbb-4757-bb56-2c91d4ae0fb5;cb21ced5-6284-4147-ac18-3211479dcc26;775c4cf5-2a92-46ff-ab31-1bf8d26ae089,referral,6
f90b4896-ad7d-4d27-9dc8-e5f4e2c987d2,Molly,Monroe,molly.monroe564@hotmail.com,761.670.9826x75836,F,1989-01-20,2013-12-12,23429 Davis Pine,Port Bradleyfurt,Washington,Netherlands Antilles,50caafa9-d0e7-478d-a56f-2de6a81e2965,app,1
1232618f-a34b-43f1-b3fd-80007b27d49a,Daniel,Torres,daniel.torres427@yahoo.com,1540476272,M,1977-10-25,2013-12-12,0423 Nicole Trail Apt. 937,Torresborough,California,Burundi,65791b6a-846b-49de-a93d-7fe764374e03,web,1
f240acc0-9838-4171-a800-c68b529fe615,Lindsey,Adams,steven.nelson255@yahoo.com,(023)560-2147x68858,M,2000-12-14,2013-12-12,021 Evelyn Pine Suite 622,Jamesland,Colorado,Palestinian Territory,0f5464f6-349e-466a-83b6-26f0101f8563;8c9cdf7f-16c6-4c72-aa8c-c41a89be2710;11f8b376-a169-452f-8b74-f6596d898444,web,3
0c247046-e4e9-438c-8cf6-6ef8a3e609ad,Jason,Tyler,jason.tyler928@hotmail.com,(883)946-2892x508,M,2003-01-08,2013-12-12,295 Geoffrey Lake,East Jaclynfort,Missouri,Cape Verde,260e6227-874a-4992-82ca-b54e5330f90b,referral,1
7f8fd2c2-4310-4d5f-850d-cd2d52fd80d6,Stephanie,Clarke,stephanie.clarke960@hotmail.com,348-700-5128x8019,M,2002-02-24,2013-12-12,55562 Richard Plain Apt. 391,West Tylerside,Wyoming,Brazil,ac809489-c65f-441c-b345-9c00d0fbd20c,app,1
ec289f86-cdb7-4bc4-8ee2-1c929c240f0d,Emily,Chaney,emily.chaney560@gmail.com,001-157-040-5917x03541,M,1994-07-09,2013-12-13,6082 Kimberly Inlet Suite 251,Boothbury,New Hampshire,Sri Lanka,e2ce2144-6996-4126-922a-514a5ef250a5,web,1
68dd3d90-6cd7-4459-bff5-5d38a50d7cac,Christine!,Sanchez,christine.sanchez631@gmail.com,(692)662-0654x2067,M,1977-03-13,2013-12-13,769 Rebecca Parks,East Stephanieville,Kentucky,Cayman Islands,a6240bbd-580c-45ce-8fb1-b0390d6fd259,app,1
42483e04-c049-4e76-aa36-e7db352f7909,Courtney,Rivera,courtney.rivera504@hotmail.com,787.918.4969,M,2006-05-16,2013-12-13,22439 Linda Forges,Greeneside,Delaware,Western Sahara,76b1b335-34be-453c-82c5-bcbc50ed3d3c,app,1
b44ba26e-9492-43c6-af1f-b49ef99d616f,Christopher,Barrera,christopher.barrera509@yahoo.com,+1-271-290-3850x790,F,1988-05-15,2013-12-13,58148 Roberson Course Apt. 021,North Amandabury,Illinois,Taiwan,a13d645f-f77c-4788-9e25-9f780a58874d,app,1
4c10b315-5be4-49b2-b5b1-ff7ee18ab045,Michael,Meyer,michael.meyer317@hotmail.com,001-348-178-3326x9816,M,1955-06-09,2013-12-13,75777 Pamela Summit Apt. 698,Monicatown,South Dakota,Malawi,66d0f86d-7c3f-4f4c-9432-c1bafa2f6a6d,web,1
02d1c049-fa08-4106-b338-681fe51058bf,Anna,Garcia,anna.garcia996@yahoo.com,+1-775-456-7270,F,1982-09-02,2013-12-13,90422 Jeffery Center,Gillespieport,Wyoming,Western Sahara,27e00756-f2c4-4b14-821f-c88d11243a03,web,1
3cc18cfd-7b19-4eec-856f-07c9b6645aa1,Michael,Meyers,michael.meyers722@hotmail.com,001-328-670-5893,F,1973-11-01,2013-12-14,0649 Adam Meadows Apt. 602,Wilsonville,Massachusetts,Austria,e8b83e96-93ce-4737-a8da-f7823f1af78d,app,1
118d77a7-4f01-491c-a238-856ea0b487c9,Janet,Sampson,janet.sampson757@hotmail.com,+1-031-884-3433,M,1961-07-20,2013-12-14,835 Miller Haven,Evansberg,Pennsylvania,Nicaragua,121b0290-a192-49a5-9c49-62ccc5e74220,referral,1
6870a880-ee4f-4695-a2ea-62f4f3c1063a,Melinda,Robinson,melinda.robinson103@hotmail.com,353.416.4074x0777,M,1986-04-23,2013-12-14,037 Joseph Corners Suite 620,South Darius,Michigan,Swaziland,d38d3758-3d77-431b-919a-317fa77977dc,referral,1
9983b1c9-bfac-4788-8453-800819d5b2c9,Kimberly,Chan,kimberly.chan726@gmail.com,+1-027-567-1523x084,M,1980-02-23,2013-12-14,2498 Deanna Greens,West Jacob,Louisiana,American Samoa,1fa7897e-387c-496b-9960-62d902ab343c,referral,1
138205cd-77c7-434c-b5b2-60403d4b863a,Brianna,Schaefer,brianna.schaefer020@yahoo.com,+1-252-849-5861x697,M,1982-09-06,2013-12-14,72497 Donald Crossing,Lake Frankton,Pennsylvania,France,498fa676-3230-4377-8f7c-d2ba5024428e,web,1
548c84db-1464-4ff1-a4b8-bc0e039e5448,Juan,Lozano,juan.lozano517@hotmail.com,951-358-0828x2708,F,1989-02-01,2013-12-14,859 Allison Street Apt. 728,Port Amyfort,Ohio,Costa Rica,a059c133-a0aa-4b9d-8786-50b65852c9e0,referral,1
94455706-3e81-42af-b947-d7da7e1005b2,Felicia,Prince,felicia.prince212@hotmail.com,413-630-3372x5326,F,1994-05-17,2013-12-14,6871 David Hills Apt. 922,East Jason,Texas,Comoros,6581bb5a-7424-462a-bd1e-f2d1d45d2251,referral,1
54f748fc-fb61-49d4-96ef-6921e659cd7c,Christopher,Levine,christopher.levine740@hotmail.com,997.809.1687x422,F,1989-06-07,2013-12-14,697 Mary Knoll Apt. 785,Lake Annetown,South Carolina,Lithuania,414a63ac-2e84-4cbf-abfa-a0d4e586da9b,web,1
12e40d6d-70b9-43a7-a864-00e512f5d567,Kara,Brown,kara.brown068@gmail.com,+1-653-930-0030x183,F,1980-04-11,2013-12-14,35663 Ronald Spurs,Brownfort,Idaho,Christmas Island,224b6604-54f6-4fdb-9983-bec713e900fe,referral,1
1ae291ac-4637-4e2f-9ff3-7b5a06154f57,Charles,Avila,charles.avila564@yahoo.com,352.813.1573x19282,M,2003-08-28,2013-12-14,4840 Jennifer Glen Apt. 150,Lake Marcside,Ohio,Iraq,8c5d9afa-86cc-4410-a65d-e2bb775d833d,referral,1
0c4efa7a-24f2-4f21-ac68-8d2027fd90b1,Abigail,Smith,abigail.smith762@hotmail.com,(981)164-0842,F,1968-07-09,2013-12-14,380 Julie Forge Apt. 779,North Christopherburgh,Illinois,Fiji,86aaf3bb-9e0b-4016-a4cb-021a3d2a8db9,web,1
a8725bfd-ee8f-4712-8d89-1a8fa79958f6,Andrew,Cooper,shared1308@gmail.com,2851472770,O,2003-09-15,2013-12-14,5581 Hebert Islands,East Lisa,New Hampshire,South Africa,5cb373b2-2022-4f2e-9ce0-96e00c570ac6,app,1
2cdb1b29-7bd3-44d8-9da9-6265675b804a,Sandra,Cardenas,sandra.cardenas177@gmail.com,+1-888-804-8949x099,M,1994-05-24,2013-12-14,19697 Ruben Estates Apt. 547,West Matthew,Delaware,Cambodia,9c1cc2ce-cf52-4e49-bdb8-e311a97dfd79,referral,1
fccfa3fc-a199-4d9e-86ac-d0e51193f7bc,Brian,Fleming,brian.fleming459@yahoo.com,(801)393-6356x7298,F,1959-12-24,2013-12-15,54864 Russo Route,New Latoya,Nebraska,British Indian Ocean Territory (Chagos Archipelago),72b4a196-515a-4473-b2ab-1099a116a31d,web,1
e12d5ecd-f4a0-45df-953f-bec209ea4f10,Al9Exander,William2S,alexander.williams470@hotmail.com,001-999-444-8098,F,1981-01-25,2013-12-15,1317 Cantrell Track,Melissaborough,Nevada,Suriname,a7dff4b0-c997-4d0f-bd38-05f3cb3a51bf,referral,1
86201661-fce4-485e-8cc1-1e37d5825f79,Cynthia,Solis,cynthia.solis646@gmail.com,(825)437-1386,M,1975-04-03,2013-12-15,622 Wendy Light,Taylormouth,Iowa,Grenada,2abb9e6d-d63b-4c09-8465-6778a9531418,web,1
1db03953-37f2-4110-bcee-cc26713b029d,Richard,Murray,richard.murray114@hotmail.com,(726)367-5166,O,1984-08-29,2013-12-15,616 Donald Shoal Apt. 722,Bryantown,Pennsylvania,Holy See (Vatican City State),833870bf-389b-4b94-89cb-f82156559c18,app,1
4cf4d32d-2106-467e-b0d7-1ab2650571ff,Richard,Crawford,richard.crawford425@yahoo.com,211.308.6395,F,1977-09-01,2013-12-15,4598 Williams Run,Ashleyton,Pennsylvania,Norway,f8a14ee9-6eb3-483f-8c9f-8701939f1fcc,web,1
7c47dd30-4e10-4565-b596-cf53a0fab2b9,Laura,Brooks,alex.griffin107@gmail.com,937.556.0887x014,O,1957-04-09,2013-12-15,94780 SMITH DRIVE,Wallacetown,Connecticut,Jersey,077ed544-aa9a-4570-89f9-7fadbfef5ec4,web,1
6fef1e16-d2dd-4d85-b80e-1df54b95e679,Kelli,Davis,kelli.davis040@gmail.com,001-213-676-4984x1108,M,2006-03-27,2013-12-15,6215 Sheri Dale Apt. 778,Johnport,Maryland,Paraguay,428a4edf-b7c4-4d20-a00e-466f9f38c86a,referral,1
c7faffca-8ad7-48ac-abb6-6dccad26d2df,Carl,Thomas,carl.thomas309@hotmail.com,473.766.2476x2846,F,2005-03-09,2013-12-15,99566 Cathy Mews Apt. 571,Lake Jamie,Oregon,Anguilla,4d2c5ab4-45d0-4b3d-a029-dc904df41825,referral,1
c4237ef6-71a6-47b5-8dd4-b9d99355cad2,Patrick,Savage,patrick.savage191@gmail.com,+1-138-292-2814,M,1996-03-08,2013-12-15,1998 Jason Forge Suite 487,Port Jessicaport,Indiana,Gabon,15b1e58f-8dc9-4aa5-9c02-e4afa503bedc,referral,1
9ca9f9e1-d6b9-4756-a8c1-6446e07076f3,Jodi,Powers,jodi.powers345@yahoo.com,622-388-0879,F,1955-01-31,2013-12-15,06195 Bates Junctions,East Raymondfort,Nebraska,Portugal,ec7a9a2a-ed5c-4374-ac7c-ffb8db93ba54,referral,1
752c1328-c0a4-4a8a-a5fa-bd8db0446001,Melisa,Chen,melissa.chen439@yahoo.com,570-318-3497,F,2000-10-23,2013-12-15,6009 Williams Spring,East Aprilberg,North Carolina,Panama,8984b621-1fbb-4a06-8e46-9ada7693401a,app,1
ddef6bae-9129-4a26-92e1-56168aa8937a,Alan,Heath,alan.heath570@gmail.com,3847228561,F,1981-12-10,2013-12-15,04855 Renee Ridge,Bondside,Maine,Gambia,006fe951-dfe4-464e-9c18-ad6858e26d4e,web,1
6c8fe713-9faf-435f-be7f-b03c57151f57,Michael,Brown,michael.brown762@hotmail.com,001-047-150-5260,F,2001-06-25,2013-12-15,4571 Torres Village Suite 103,South Christopherview,Wyoming,Algeria,ca4f8c35-bdb3-4e5f-98ec-45f61e974149,referral,1
bf6b81cd-17a9-4357-96fe-a56129955fe6,Christine,King,christine.king144@hotmail.com,+1-356-199-4458x065,F,2002-07-12,2013-12-15,275 David Corners,North Donnaport,Michigan,Iraq,8ca1f1f7-c393-4b2c-8689-52c5e40ccb5a,referral,1
c44a64c6-4fc2-4fae-86b1-89269c05744e,Krist0Ina,Taylor,kristina.taylor625@yahoo.com,0127777990,F,1989-07-17,2013-12-15,9624 Karen Lights Apt. 799,Flowersstad,South Dakota,Iraq,af74dd89-a285-48d4-8aa5-650bafa60f2b,app,1
76e5f051-0b6e-462c-bae9-36a9c61e3408,Adrienne,Scott,amber.walker523@gmail.com,+1-415-057-0419x3386,M,1969-10-26,2013-12-15,6133 Hill Turnpike,New Heather,Oklahoma,Belarus,796cdd24-a6d3-411f-b721-4a65eb4457cd;f75f418a-65b3-4779-ae96-20c543683399;46f2bf61-a0af-4e78-a151-3a669278a9e3,referral,3
c42cd9d7-1afb-4151-bb20-53d360163adc,Robert,Blackburn!,robert.blackburn401@gmail.com,(179)940-8590x933,F,1990-01-08,2013-12-15,592 Walters Points Suite 250,Robertsfort,Oregon,Cuba,1a8ab869-6ea1-45b4-9ef9-18fbe6a5fbe1,web,1
c5bdf52c-bdbb-4f7f-b2db-45ba78a4acc6,Emily,Avery,emily.avery653@gmail.com,9211525879,M,1975-04-12,2013-12-15,4297 Kimberly Fords Suite 629,East Keith,Texas,Maldives,332fd639-9168-4df5-9156-65bf235fac49,referral,1
5dc99a9a-2ef1-414f-a40f-380ce812f3f7,Dalton,White,dalton.white136@yahoo.com,(820)676-8516,M,1988-01-22,2013-12-15,833 Jasmin Villages Suite 466,Jonathanhaven,Rhode Island,Paraguay,f6e457cf-ca15-41c8-8baa-f6d24e3485c8,app,1
e17784b8-da00-46e2-a5c2-7819f6dfe897,Donald,Baker,donald.baker641@gmail.com,015-613-1396,M,1995-11-30,2013-12-15,699 Thompson Courts Apt. 372,Steventon,Alabama,Saint Vincent and the Grenadines,74746935-c301-45c3-a2ce-365eee8441a4,web,1
66f2c1c3-f978-4083-be38-7bee4bb34331,Jacqueline,Pham,jacqueline.pham506@yahoo.com,+1-255-533-9512x5219,F,1983-01-24,2013-12-15,41844 Ann Lane,North Rachael,Hawaii,India,15cf72d5-8bbf-4e26-9dff-eb52ccae5fb5,web,1
ebc89318-64b8-4eba-9a07-40d426b7b773,Jeremy,Olson,jeremy.olson025@hotmail.com,777-736-1063,F,1961-03-02,2013-12-16,72552 David Crest,Christopherfurt,New Mexico,Burkina Faso,506c33c3-9d5d-4ff0-aaac-a095d620f856,web,1
84198b9e-b556-48f8-b576-2f1df28c33ab,Anthony,Green,anthony.green796@hotmail.com,398-323-9606x1669,M,1986-09-13,2013-12-16,558 Stewart Valleys Apt. 152,Alanville,Nevada,Mali,3533c821-a4b5-4485-9b25-f4e48e85dd8f,app,1
439fd583-81ea-4a4b-a4f4-d127242b23bc,Christopher,Bauer,christopher.bauer229@hotmail.com,(290)792-0710x5412,M,1985-07-04,2013-12-16,18929 Wilson Avenue Suite 108,Stanleyport,Oklahoma,Peru,f8ff13d0-0944-4431-a889-f962a88b067c,referral,1
4d90fabe-c5da-4f9e-922e-9264234b0fee,Dawn,Foster,dawn.foster023@hotmail.com,001-049-187-3097x661,M,1976-05-30,2013-12-16,148 Michael Springs Apt. 627,South Patriciaville,Michigan,Yemen,8ab06951-a88f-4801-8cff-c1c497b373a7,web,1
99623fa5-dba0-4684-bbb6-ac8f8d03322f,Paul,Rojas*,kyle.patterson899@hotmail.com,719.687.2684x1433,O,1983-04-29,2013-12-16,52360 THORNTON FORGES,East Tim,Texas,Lithuania,ecd5ef96-7023-44fd-ac21-142e874b959f,referral,1
05c7b689-ff5f-4817-803f-3cd740d20f6c,Kelly,Watkins,brandon.allen093@yahoo.com,7248849496,O,1976-03-20,2013-12-16,08902 HANCOCK SPRINGS SUITE 793,Amyhaven,Michigan,Sierra Leone,4d98ff36-e046-4095-be44-25b7c128f5ef,web,1
9c909543-8909-4c52-b85b-fb1c7e538cdf,Julian,House,julian.house607@gmail.com,0934060579,F,1965-07-13,2013-12-16,6366 Daniel Heights,South Daniel,Wyoming,Eritrea,aee4b803-8087-46ec-ab4c-9ca5b4e6890d,referral,1
b35faba3-327a-4512-a7ae-6dbf7727a64d,Laura,J3Ones,laura.jones955@yahoo.com,(671)856-4305x822,M,2007-04-12,2013-12-16,2059 Henson Loaf Suite 769,West Williamburgh,Delaware,Tokelau,f6129cf3-d75d-4af8-bd1d-210f15516400,referral,1
04c61e7d-faef-4de2-a329-033eb2444d6b,Don5Ald,W3Hite,donald.white509@gmail.com,912-458-4514x660,O,1974-07-26,2013-12-16,9880 Robinson Keys,East Lindashire,Virginia,Pakistan,4464df30-9fc3-4218-9511-7f4373bea4eb,web,1
dd9e4edb-a050-490b-84e3-fe659c294226,Alicia,Bailey,alicia.bailey241@yahoo.com,957-716-8118x67271,F,1986-01-08,2013-12-16,7798 Owens Green Apt. 956,West Michael,West Virginia,Reunion,134706bb-0389-4112-bfaf-a0ca18d47b0e,app,1
e3b11e3e-2b16-4e1f-9b53-2aa3f4b5e079,Christine,W4Arren,christine.warren169@hotmail.com,064-174-2505x477,F,2004-06-29,2013-12-17,91201 Sheri Union,Meyerville,Iowa,Antigua and Barbuda,085b4158-6579-4373-b7d7-278da63d1dbc,referral,1
290e48ad-ecfa-4509-83f0-3a5cc455de79,Jose,Adams*,jose.adams753@gmail.com,(493)005-7061,F,1987-05-17,2013-12-17,62408 Martinez Shores,New Dana,Tennessee,India,f866b04d-b223-4d5d-adb1-e2a4139ef666,web,1
471e209a-bba6-4591-b707-0e96a2d6ba73,Hayley,Walker,hayley.walker653@hotmail.com,801.050.4386x463,F,1957-03-01,2013-12-17,60006 Tina Circle,Lake Marissaberg,New Jersey,Italy,1adb2b5a-6f45-4074-9618-4b899a4d2708,referral,1
9abd3391-b041-4955-9421-d8311e8ba9cd,Jason,Williams,jason.williams243@yahoo.com,001-722-274-7285x3190,F,2000-10-27,2013-12-17,002 Brown Unions,Scottborough,Iowa,Seychelles,2788910b-836a-4dc5-ab85-1ab7c17db839,referral,1
7516c0e7-2780-47d7-8e7c-7efee57043c1,Joseph,Miller,joseph.miller158@hotmail.com,6963229628,F,1995-06-16,2013-12-17,088 Lopez Spur,Lake Tracyburgh,Oregon,Bosnia and Herzegovina,8f7e6f93-b418-4812-b293-13c60a9a3878,app,1
68290eca-ac32-4901-aedc-b4c99072b67f,Roger,Solomon,roger.solomon010@hotmail.com,+1-947-627-9652x5242,M,2001-11-08,2013-12-17,195 Brett Cliffs Suite 808,North Ericabury,West Virginia,South Africa,1a603f16-c344-4503-bff1-f48f4e854cdf,referral,1
cf6a13bf-bc39-4424-8751-2cab6c5b6a42,Kathleen,Santana,kathleen.santana970@hotmail.com,545-537-2449,M,2004-07-04,2013-12-17,49908 Janice Plaza,Thomastown,South Carolina,Dominica,523487fa-719d-420f-a439-190f68dbc587,app,1
dcb5a0fc-87b7-449a-b4db-45e232522f19,Walter,Harris,walter.harris955@yahoo.com,(105)775-6535x2356,F,1958-10-07,2013-12-18,51637 Johnny Via Apt. 620,Rhodesland,Michigan,French Southern Territories,19d08f08-b871-4e55-954e-a14cf27d5e33,app,1
a6ee5a7f-62aa-41de-a38c-343944136828,Amber,John5Son,amber.johnson425@yahoo.com,671.359.1827,M,1959-10-20,2013-12-18,20438 Maxwell Mission,Nicholsbury,New Jersey,Slovakia (Slovak Republic),76780ad6-174c-4954-b2a8-81960f913e63,referral,1
2d9f48c5-bd41-4912-a73b-8a48f2add9e0,Ashley,Thomas,,196.005.0685,M,1959-12-11,2013-12-18,75869 Alexandria Streets,West Erika,Tennessee,Liechtenstein,348ed582-5991-4a7a-abd1-2abcb1fede41,app,1
1ceb8248-3a33-41a6-a306-2516149a667f,Sarah,Nguyen,sarah.nguyen224@gmail.com,859.667.8111,F,2006-03-21,2013-12-18,75275 Jeff Brooks Apt. 297,Cynthiafurt,Florida,Mongolia,958c3456-213c-4cfc-b302-6a693171730b,referral,1
bd6742a7-a47e-4f22-af46-aac7594324c8,Jared,Jones,jared.jones430@yahoo.com,630-537-9548x236,M,2003-01-13,2013-12-18,262 Sharon Bridge Apt. 060,South Linda,Virginia,Bolivia,e3797d4d-d0bf-443e-ab10-76e17be0b76d,referral,1
a454c84a-b564-44c4-b494-6a5b9c71158d,Daryl,Jones,daryl.jones297@yahoo.com,+1-050-201-5020x31547,M,1980-03-09,2013-12-18,0375 Taylor Terrace,Port Edward,New Hampshire,Philippines,4bf40093-86af-44cf-8193-1ffe6e1ec0dd,app,1
7127fff5-a2b1-4ee3-8b1f-491e82c47ce1,Glen,Tucker,glen.tucker742@gmail.com,204.130.4546x71529,M,1989-12-30,2013-12-18,18589 Whitaker Path Suite 308,North Kennethland,Virginia,Vanuatu,28e1d57c-bb88-4d7c-a621-8562ced75230,referral,1
5449d219-0bfb-4617-8112-1d6a093781a4,Katrina!,Colem8An,katrina.coleman476@hotmail.com,943-565-3305x56635,F,2001-04-26,2013-12-18,385 Russo Junction,Staceyville,Ohio,Iraq,60aaa2cd-4e9e-448e-aabd-ae3c8475e682,referral,1
2e40cb7b-ee20-4afe-89e0-7a596606a310,Rita,Johnson,rita.johnson022@gmail.com,(338)031-0455,F,1979-03-22,2013-12-18,5140 Cole Port Suite 933,Lake Thomas,Hawaii,Marshall Islands,e0675cbd-b568-4bb4-89a5-4c5cd411f04a,referral,1
494f4448-faaf-4346-a00e-ae2d400e6758,Matthew,Robinson,matthew.robinson602@hotmail.com,623-532-3428x2062,M,2003-08-05,2013-12-18,496 Collins Fall,Lake Nicholas,Wisconsin,Ghana,f5562520-fb94-4b48-a23d-914055f0bdf8,referral,1
3b650a3f-f54e-4e42-b5a3-b77e69649a41,Mich8Eal,Wilson,micheal.wilson246@hotmail.com,3902969171,F,1955-10-16,2013-12-18,667 Cox Shores,Katherinestad,Colorado,Bolivia,c35b7ef4-1e4f-4926-a228-b84ea187f1e3,app,1
bcb72442-505d-4d7c-a5af-01901f5f3ddf,Patrick,G2Entry,patrick.gentry562@gmail.com,(788)592-6177x215,F,1990-03-01,2013-12-18,986 Gordon Shoal,South Lisa,Washington,Kenya,189b3c90-f390-4d8b-b9ad-80b250a28469,app,1
43f08d4e-7fc7-4fd5-aee4-4b64cf9f1d1c,Denis,Rodriguez,dennis.rodriguez605@hotmail.com,(091)198-7558,M,2003-09-19,2013-12-18,2340 Sean Cliff Apt. 590,New Douglas,Montana,Ghana,ba808fbb-0293-4fca-a560-4bc3ec6f90cd,app,1
30f540b6-f8d4-437f-8f16-71d2342f6bef,Ruth,Parker,ruth.parker600@hotmail.com,001-947-049-1542x933,F,1996-07-24,2013-12-18,88984 Scott Mill,Josetown,Iowa,Hungary,2b46dd92-24c6-41dd-8012-4e19f99ea1fb,web,1
3512f84f-a7a5-4440-8820-7e850e51a8f1,Jennifer,May,jennifer.may049@gmail.com,8525419869,F,1988-03-21,2013-12-18,21751 Lyons Pass Suite 778,East Anita,Nevada,Portugal,9dfb6b0a-c015-477d-ac6d-aa669f1506dc,web,1
0c76132f-c9fc-4bc2-8e9a-f03a56a8c5ed,Jared,Lewis,jared.lewis130@gmail.com,756.771.3233x994,M,1973-08-25,2013-12-18,8003 Randy Unions,Johnview,Oregon,Philippines,e93571d7-e17b-4dab-a5b7-e4818b902e35,referral,1
502cf6a8-a786-45b8-b10c-09d8204524a6,Derek,Moore,derek.moore227@gmail.com,794.546.2983x706,M,2000-02-22,2013-12-18,7670 Tina Key Apt. 847,Cartertown,Connecticut,British Indian Ocean Territory (Chagos Archipelago),4261d49b-b644-451a-a518-08fa380f9959,web,1
0ac99635-f393-4bf4-a452-c25096686e53,Nicole,Fleming,nicole.fleming867@yahoo.com,(413)990-3317x064,M,2000-03-09,2013-12-18,17733 Nicole Locks,Wheelermouth,Washington,Hungary,6b2ed0f3-0d43-4e58-a18f-abab9f4b0b64,app,1
